{
  "XXS": 1,
  "XS": 2,
  "S": 3,
  "M": 4,
  "L": 5,
  "XL": 6,
  "XXL": 7,
  "XXXL": 8,
  "5XL": 9,
  "SM": 4,
  "ML": 5,
  "LXL": 256,
  "0X": 6,
  "1X": 7,
  "2X": 7,
  "3X": 8,
  "2XL": 7,
  "3XL": 8,
  "4XL": 8,
  "2XS": 1,
  "YXS": 10,
  "YS": 11,
  "YM": 12,
  "YL": 13,
  "YXL": 14,
  "YTH": 10,
  "KID": 10,
  "XSS": 15,
  "XST": 16,
  "XSX": 17,
  "SMS": 18,
  "SMT": 19,
  "MDT": 20,
  "MDS": 21,
  "XLS": 22,
  "XLT": 23,
  "XXLS": 24,
  "XXLT": 25,
  "5XLT": 26,
  "LS": 27,
  "LM": 28,
  "LL": 29,
  "L2XL": 40,
  "LGS": 31,
  "LGT": 32,
  "LML": 33,
  "LMLC": 34,
  "LMDC": 35,
  "LLGC": 36,
  "LXLC": 37,
  "RML": 38,
  "R2XL": 39,
  "0": 50,
  "0.5": 50,
  "1": 50,
  "1.5": 50.5,
  "2": 52,
  "2.5": 52.5,
  "3": 54,
  "3.5": 54.5,
  "4": 56,
  "4.5": 56.5,
  "5": 58,
  "5.5": 58.5,
  "6": 60,
  "6.5": 60.5,
  "7": 62,
  "7.0": 62,
  "7.5": 62.5,
  "8": 64,
  "8.0": 64,
  "8.5": 64.5,
  "9": 66,
  "9.0": 66,
  "9.5": 66.5,
  "10": 68,
  "10.0": 68,
  "10.5": 68.5,
  "11": 70,
  "11.0": 70,
  "11.5": 70.5,
  "12": 72,
  "12.0": 72,
  "12.5": 72.5,
  "13": 74,
  "13.0": 74,
  "13.5K": 74.5,
  "13K": 76,
  "13.5": 75.5,
  "14": 77,
  "14.5": 77.5,
  "15": 78,
  "15.5": 78.5,
  "16": 80,
  "16.5": 80.5,
  "17": 82,
  "17.5": 82.5,
  "18": 83,
  "18.5": 83.5,
  "19": 85,
  "19.5": 85.5,
  "20": 86,
  "20.5": 86.166667,
  "21": 86.333333,
  "21.5": 86.5,
  "22": 87,
  "22.5": 87.5,
  "23": 88,
  "23.5": 88.166667,
  "24": 88.333333,
  "24.5": 88.5,
  "25": 89,
  "25.5": 89.5,
  "26": 90,
  "26.5": 90.5,
  "27": 92,
  "27.5": 92.5,
  "28": 94,
  "28.5": 94.5,
  "29": 96,
  "29.5": 96.5,
  "30": 98,
  "30.5": 98.166667,
  "31": 98.333333,
  "31.5": 98.5,
  "32": 100,
  "32.5": 100.5,
  "33": 102,
  "33.5": 102.5,
  "34": 104,
  "34.5": 104.5,
  "35": 106,
  "35.5": 106.5,
  "36": 108,
  "36.5": 108.5,
  "37": 110,
  "37.5": 110.5,
  "38": 112,
  "38.5": 112.5,
  "39": 113,
  "39.5": 113.5,
  "40": 115,
  "40.5": 115.5,
  "41": 116,
  "41.5": 116.5,
  "42": 119,
  "42.5": 119.5,
  "43": 120,
  "43.5": 120.5,
  "44": 122,
  "44.5": 122.5,
  "45": 124,
  "45.5": 124.5,
  "46": 125,
  "46.5": 125.5,
  "47": 127,
  "47.5": 127.5,
  "48": 129,
  "48.5": 129.5,
  "49": 130,
  "49.5": 130.5,
  "50": 131,
  "50.5": 131.5,
  "51": 132,
  "51.5": 132.5,
  "28/30": 150,
  "28/32": 151,
  "28/34": 152,
  "28/36": 153,
  "30/30": 154,
  "30/32": 155,
  "30/34": 156,
  "32/30": 157,
  "32/32": 158,
  "32/34": 159,
  "32/36": 160,
  "32/38": 161,
  "33/30": 162,
  "33/32": 163,
  "33/34": 164,
  "34/30": 165,
  "34/32": 166,
  "34/34": 167,
  "34/36": 168,
  "34/38": 169,
  "35/30": 170,
  "35/32": 171,
  "35/34": 172,
  "35/36": 173,
  "36/30": 174,
  "36/32": 175,
  "36/34": 176,
  "36/36": 177,
  "38/30": 178,
  "38/32": 179,
  "38/34": 180,
  "38/36": 181,
  "38/38": 182,
  "40/30": 183,
  "40/32": 184,
  "40/34": 185,
  "40/36": 186,
  "42/30": 187,
  "42/32": 188,
  "42/34": 189,
  "42/36": 190,
  "44/30": 191,
  "44/32": 192,
  "44/34": 193,
  "44/36": 194,
  "32A": 200,
  "32B": 201,
  "32C": 202,
  "32D": 203,
  "32DD": 204,
  "34A": 205,
  "34B": 206,
  "34C": 207,
  "34D": 208,
  "34DD": 209,
  "34DDD": 210,
  "36A": 211,
  "36B": 212,
  "36C": 213,
  "36D": 214,
  "36DD": 215,
  "36DDD": 216,
  "38B": 217,
  "38C": 218,
  "38D": 219,
  "38DD": 220,
  "38DDD": 221,
  "40C": 222,
  "40D": 223,
  "40DD": 224,
  "40DDD": 225,
  "42C": 226,
  "OSFA": 250,
  "OSFM": 251,
  "OS": 252,
  "U": 252,
  "XS/S": 253,
  "S/M": 254,
  "M/L": 255,
  "L/XL": 256,
  "XL/XXL": 257,
  "XS COPA A-C": 258,
  "S COPA A-C": 259,
  "M COPA A-C": 260,
  "L COPA A-C": 261,
  "DER - S": 270,
  "DER - M": 271,
  "DER - L": 272,
  "DER - XL": 273,
  "DER - 2XL": 274,
  "IZQ - S": 275,
  "IZQ - M": 276,
  "IZQ - L": 277,
  "IZQ - XL": 278,
  "IZQ - ML": 279,
  "IZQ - 2XL": 280,
  "DER - ML": 281
}
